{"cameraMode":{"drawMode":0,"name":"Shaded","section":"Shading Mode"},"sceneLighting":false,"audioPlay":false,"sceneViewState":{"m_AlwaysRefresh":false,"showFog":true,"showSkybox":false,"showFlares":true,"showImageEffects":true,"showParticleSystems":true,"showVisualEffectGraphs":true,"m_FxEnabled":true},"in2DMode":false,"pivot":{"x":0.41524142026901247,"y":2.957850456237793,"z":0.7323317527770996},"rotation":{"x":-0.27713143825531008,"y":0.0020152367651462557,"z":-0.0005815601325593889,"w":-0.960826575756073},"size":4.847459316253662,"orthographic":false}