{"cameraMode":{"drawMode":0,"name":"Shaded","section":"Shading Mode"},"sceneLighting":true,"audioPlay":false,"sceneViewState":{"m_AlwaysRefresh":false,"showFog":true,"showSkybox":true,"showFlares":true,"showImageEffects":true,"showParticleSystems":true,"showVisualEffectGraphs":true,"m_FxEnabled":true},"in2DMode":false,"pivot":{"x":84.56031799316406,"y":335.26800537109377,"z":477.61651611328127},"rotation":{"x":0.36233657598495486,"y":-0.00841632578521967,"z":0.00320583232678473,"w":0.9319543242454529},"size":171.1675567626953,"orthographic":false}