{"cameraMode":{"drawMode":0,"name":"Shaded","section":"Shading Mode"},"sceneLighting":true,"audioPlay":false,"sceneViewState":{"m_AlwaysRefresh":false,"showFog":true,"showSkybox":true,"showFlares":true,"showImageEffects":true,"showParticleSystems":true,"showVisualEffectGraphs":true,"m_FxEnabled":true},"in2DMode":false,"pivot":{"x":101.46617126464844,"y":280.87969970703127,"z":522.5808715820313},"rotation":{"x":0.2684365212917328,"y":0.010055824182927609,"z":-0.002993048168718815,"w":0.9631696939468384},"size":157.01226806640626,"orthographic":false}