{"cameraMode":{"drawMode":0,"name":"Shaded","section":"Shading Mode"},"sceneLighting":true,"audioPlay":false,"sceneViewState":{"m_AlwaysRefresh":false,"showFog":true,"showSkybox":true,"showFlares":true,"showImageEffects":true,"showParticleSystems":true,"showVisualEffectGraphs":true,"m_FxEnabled":true},"in2DMode":false,"pivot":{"x":166.45570373535157,"y":621.5599975585938,"z":624.0433959960938},"rotation":{"x":0.007687986828386784,"y":-0.9597375392913818,"z":-0.2792925536632538,"w":-0.025264566764235498},"size":342.3726806640625,"orthographic":false}